Date;Name;Type;Open_price;Value;Close price;Reasons;Step;Step price;Delta;Total
15.01.2022;BRH2022;лонг;85,65;1;88,00;переложил позицию;0,01;7,61;1788,24;101788,24
15.01.2022;LKH2022;лонг;67491,00;1;65740,00;собственное решение;1;1;-1751;100037,24
15.01.2022;MXH2022;лонг;368075,00;1;351600,00; Не опытность;1;1;-16475;83562,24
19.01.2022;RIH2022;лонг;141730,00;1;141400,00;выбило по стопу;10;15,3;-504,9;83057,34
19.01.2022;GDH2022;лонг;1843,00;1;1838,00;выбило по стопу;1;76,21;-381,05;82676,29
20.01.2022;BRH2022;шорт;88,00;1;87,00; Тейк;0,01;7,61;760,95;83437,24
20.01.2022;BRH2022;шорт;88,00;1;86,10; Тейк;0,01;7,61;1445,81;84883,05
20.01.2022;BRH2022;шорт;88,00;1;85,70; Тейк;0,01;7,61;1750,19;86633,24
20.01.2022;RIH2022;лонг;143670,00;1;145500,00;Тейк;10;15,3;2799,9;89433,14
20.01.2022;RIH2022;шорт;143650,00;1;142700,00;Дивергенция,ставка на повышение;10;15,3;1453,5;90886,64
21.01.2022;RIH2022;лонг;142700,00;1;140340,00;Выбило по стопу;10;15,3;-3610,8;87275,84
21.01.2022;RIH2022;шорт;139370,00;1;132900,00;Выбило по стопу;10;15,3;9899,1;97174,94
21.01.2022; SIH2022;шорт;78439,00;1;78177,00;переложил на лонг;1;1;262;97436,94
24.01.2022; SIH2022;лонг;78177,00;1;78550,00; Тейк;1;1;373;97809,94
24.01.2022; SIH2022;лонг;78177,00;1;78850,00; Тейк;1;1;673;98482,94
24.01.2022; SIH2022;лонг;78177,00;1;79300,00; Тейк;1;1;1123;99605,94
24.01.2022;RIH2022;шорт;131500,00;1;132200,00;Выбило по стопу;10;15,3;-1071;98534,94
24.01.2022;RIH2022;шорт;131500,00;1;132200,00;Выбило по стопу;10;15,3;-1071;97463,94
24.01.2022;RIH2022;шорт;131500,00;1;126600,00; Тейк;10;15,3;7497;104960,94
24.01.2022;RIH2022;шорт;131500,00;1;132200,00;Выбило по стопу;10;15,3;-1071;103889,94
25.01.2022;RIH2022;шорт;129510,00;1;134700,00;Выбило по стопу;10;15,3;-7940,7;95949,24
25.01.2022;RIH2022;шорт;129510,00;1;134700,00;Выбило по стопу;10;15,3;-7940,7;88008,54
25.01.2022;RIH2022;шорт;129510,00;1;134700,00;Выбило по стопу;10;15,3;-7940,7;80067,84
25.01.2022;RIH2022;шорт;129510,00;1;134700,00;Выбило по стопу;10;15,3;-7940,7;72127,14
25.01.2022;BRG2022;шорт;88,50;1;89,50;Выбило по стопу;0,01;7,61;-760,95;71366,19
25.01.2022;BRG2022;шорт;88,50;1;89,50;Выбило по стопу;0,01;7,61;-760,95;70605,24
25.01.2022;BRG2022;шорт;88,50;1;89,50;Выбило по стопу;0,01;7,61;-760,95;69844,29
26.01.2022;RIH2022;шорт;133800,00;1;131220,00; Закрыл вручную;10;15,3;3947,4;73791,69
26.01.2022;RIH2022;шорт;133800,00;1;132100,00;Выбило по стопу;10;15,3;2601;76392,69
26.01.2022;RIH2022;шорт;133800,00;1;132100,00;Выбило по стопу;10;15,3;2601;78993,69
26.01.2022;BRG2022;шорт;90,30;1;89,30; Закрыл вручную;0,01;7,61;760,95;79754,64
26.01.2022;BRG2022;шорт;90,30;1;90,60;Выбило по стопу;0,01;7,61;-228,29;79526,35
26.01.2022;BRG2022;шорт;90,30;1;90,00;Выбило по стопу;0,01;7,61;228,29;79754,64
26.01.2022;RIH2022;шорт;133960,00;1;133700,00;Выбило по стопу;10;15,3;397,8;80152,44
26.01.2022;RIH2022;шорт;133960,00;1;133700,00;Выбило по стопу;10;15,3;397,8;80550,24
26.01.2022;RIH2022;шорт;133960,00;1;133700,00;Выбило по стопу;10;15,3;397,8;80948,04
26.01.2022;BRG2022;шорт;90,30;1;89,50;Выбило по стопу;0,01;7,61;608,76;81556,8
26.01.2022;BRG2022;шорт;90,30;1;89,50;Выбило по стопу;0,01;7,61;608,76;82165,56
26.01.2022;BRG2022;шорт;90,30;1;89,50;Выбило по стопу;0,01;7,61;608,76;82774,32
26.01.2022;RIH2022;шорт;133410,00;1;131640,00; Закрыл вручную;10;15,3;2708,1;85482,42
26.01.2022;RIH2022;шорт;133410,00;1;131200,00;Выбило по стопу;10;15,3;3381,3;88863,72
26.01.2022;RIH2022;шорт;133410,00;1;131860,00; Закрыл вручную;10;15,3;2371,5;91235,22
26.01.2022;SFH2022;шорт;432,18;5;430,15; Закрыл вручную;0,01;0,8;809,92;92045,14
26.01.2022;SFH2022;шорт;432,18;5;430,15; Закрыл вручную;0,01;0,8;809,92;92855,06
26.01.2022;RIH2022;шорт;131490,00;1;131450,00; Закрыл вручную;10;15,3;61,2;92916,26
26.01.2022;RIH2022;шорт;131490,00;1;131450,00; Закрыл вручную;10;15,3;61,2;92977,46
26.01.2022;RIH2022;шорт;131490,00;1;131800,00; Закрыл вручную;10;15,3;-474,3;92503,16
27.01.2022;RIH2022;шорт;141700,00;1;140670,00; Закрыл вручную;10;15,3;1575,9;94079,06
27.01.2022;RIH2022;шорт;141700,00;1;140670,00; Закрыл вручную;10;15,3;1575,9;95654,96
27.01.2022;RIH2022;шорт;141700,00;1;140670,00; Закрыл вручную;10;15,3;1575,9;97230,86
27.01.2022;RIH2022;шорт;141700,00;1;140670,00; Закрыл вручную;10;15,3;1575,9;98806,76
27.01.2022;SFH2022;шорт;438,15;5;429,86; Закрыл вручную;0,01;0,8;3307,5;102114,26
27.01.2022;SFH2022;шорт;438,15;5;430,51; Закрыл вручную;0,01;0,8;3048,17;105162,43
27.01.2022;BRH2022;лонг;88,42;2;88,30; Закрыл вручную;0,01;7,61;-182,63;104979,8
27.01.2022;BRH2022;лонг;88,42;2;88,30; Закрыл вручную;0,01;7,61;-182,63;104797,17
27.01.2022;BRH2022;лонг;88,42;2;88,30; Закрыл вручную;0,01;7,61;-182,63;104614,54
27.01.2022;BRG2022;шорт;90,47;1;90,60;Выбило по стопу;0,01;7,61;-98,92;104515,62
27.01.2022;BRG2022;шорт;90,47;1;90,60;Выбило по стопу;0,01;7,61;-98,92;104416,7
27.01.2022;BRG2022;шорт;90,47;1;90,60;Выбило по стопу;0,01;7,61;-98,92;104317,78
27.01.2022;RIH2022;шорт;140260,00;1;139650,00;Выбило по стопу;10;15,3;933,3;105251,08
27.01.2022;RIH2022;шорт;140260,00;1;140420,00;Выбило по стопу;10;15,3;-244,8;105006,28
27.01.2022;RIH2022;шорт;140260,00;1;140420,00;Выбило по стопу;10;15,3;-244,8;104761,48
27.01.2022;BRH2022;лонг;88,42;2;88,15; Закрыл вручную;0,01;7,61;-410,91;104350,57
27.01.2022;BRH2022;лонг;88,42;2;88,15; Закрыл вручную;0,01;7,61;-410,91;103939,66
27.01.2022;BRH2022;лонг;88,42;2;88,15; Закрыл вручную;0,01;7,61;-410,91;103528,75
27.01.2022;RIH2022;шорт;140000,00;1;140420,00;Выбило по стопу;10;15,3;-642,6;102886,15
27.01.2022;RIH2022;шорт;140000,00;1;140420,00;Выбило по стопу;10;15,3;-642,6;102243,55
27.01.2022;RIH2022;шорт;140000,00;1;140420,00;Выбило по стопу;10;15,3;-642,6;101600,95
28.01.2022;RIH2022;лонг;142500,00;1;142210,00;Выбило по стопу;10;15,3;-443,7;101157,25
28.01.2022;RIH2022;лонг;142500,00;1;142210,00;Выбило по стопу;10;15,3;-443,7;100713,55
28.01.2022;RIH2022;лонг;142500,00;1;142210,00;Выбило по стопу;10;15,3;-443,7;100269,85
28.01.2022;BRH2022;лонг;88,90;2;88,70;Выбило по стопу;0,01;7,61;-304,38;99965,47
28.01.2022;BRH2022;лонг;88,90;2;88,70;Выбило по стопу;0,01;7,61;-304,38;99661,09
28.01.2022;BRH2022;лонг;88,90;2;88,70;Выбило по стопу;0,01;7,61;-304,38;99356,71
28.01.2022;SFH2022;шорт;432,28;5;434,00;Выбило по стопу;0,01;0,8;-686,24;98670,47
28.01.2022;SFH2022;шорт;432,28;5;434,00;Выбило по стопу;0,01;0,8;-686,24;97984,23
28.01.2022;BRH2022;лонг;89,04;2;89,44;take;0,01;7,61;608,76;98592,99
28.01.2022;BRH2022;лонг;89,04;2;89,51; Закрыл вручную;0,01;7,61;715,29;99308,28
28.01.2022;BRH2022;лонг;89,04;2;89,90;take;0,01;7,61;1308,84;100617,12
28.01.2022;RIH2022;шорт;141840,00;1;140840,00; Закрыл вручную;10;15,3;1530;102147,12
28.01.2022;RIH2022;шорт;141840,00;1;140390,00; Закрыл вручную;10;15,3;2218,5;104365,62
28.01.2022;RIH2022;шорт;141840,00;1;140390,00; Закрыл вручную;10;15,3;2218,5;106584,12
28.01.2022;RIH2022;шорт;140770,00;1;139500,00;take;10;15,3;1943,1;108527,22
28.01.2022;RIH2022;шорт;140770,00;1;139500,00;take;10;15,3;1943,1;110470,32
28.01.2022;RIH2022;шорт;140770,00;1;139500,00;take;10;15,3;1943,1;112413,42
28.01.2022;RIH2022;шорт;140000,00;1;146800,00;Выбило по стопу;10;15,3;-10404;102009,42
28.01.2022;RIH2022;шорт;140000,00;1;146800,00;Выбило по стопу;10;15,3;-10404;91605,42
28.01.2022;RIH2022;шорт;140000,00;1;146800,00;Выбило по стопу;10;15,3;-10404;81201,42
28.01.2022;RIH2022;шорт;141100,00;1;140390,00; Закрыл вручную;10;15,3;1086,3;82287,72
28.01.2022;RIH2022;шорт;141600,00;1;146800,00;Выбило по стопу;10;15,3;-7956;74331,72
28.01.2022;RIH2022;шорт;142120,00;1;141060,00;Выбило по стопу;10;15,3;1621,8;75953,52
28.01.2022;BRH2022;лонг;89,47;2;89,32; Закрыл вручную;0,01;7,61;-228,29;75725,23
28.01.2022;BRH2022;лонг;89,60;2;89,32; Закрыл вручную;0,01;7,61;-426,13;75299,1
28.01.2022;BRH2022;лонг;89,77;2;89,32; Закрыл вручную;0,01;7,61;-684,86;74614,24
28.01.2022;SFH2022;шорт;427,42;5;428,01; Закрыл вручную;0,01;0,8;-235,4;74378,84
28.01.2022;SFH2022;шорт;430,26;5;428,01; Закрыл вручную;0,01;0,8;897,69;75276,53
31.01.2022;BRH2022;шорт;89,40;2;89,30; Закрыл вручную;0,01;7,61;152,19;75428,72
31.01.2022;BRH2022;шорт;88,79;2;89,30; Закрыл вручную;0,01;7,61;-776,17;74652,55
31.01.2022;BRH2022;шорт;89,02;2;88,52; Закрыл вручную;0,01;7,61;760,95;75413,5
31.01.2022;RIH2022;шорт;143750,00;1;146800,00;Выбило по стопу;10;15,3;-4666,5;70747
31.01.2022;LKH2022;шорт;69080,00;2;69950,00;Выбило по стопу;1;1;-1740;69007
31.01.2022;LKH2022;шорт;69400,00;2;69950,00;Выбило по стопу;1;1;-1100;67907
31.01.2022;SFH2022;шорт;439,44;5;444,59; Закрыл вручную;0,01;0,8;-2054,72;65852,28
31.01.2022;GDH2022;лонг;1790,00;1;1794,50;закрыл вруную;1;76,21;342,95;66195,23
31.01.2022;GDH2022;лонг;1797,30;1;1795,70;stop;1;76,21;-121,94;66073,29
31.01.2022;GDH2022;лонг;1797,30;2;1805,00;take;1;76,21;1173,63;67246,92
01.02.2022;BRH2022;лонг;88,29;10;89,64;закрыл вруную;0,01;7,61;10272,85;77519,77
01.02.2022;BRH2022;лонг;88,29;10;89,30;закрыл вруную;0,01;7,61;7685,62;85205,39
01.02.2022;BRH2022;лонг;88,29;10;89,80;take;0,01;7,61;11490,38;96695,77
01.02.2022;BRH2022;лонг;88,29;10;89,80;take;0,01;7,61;11490,38;108186,15
01.02.2022;BRH2022;лонг;88,29;10;89,80;take;0,01;7,61;11490,38;119676,53
01.02.2022;BRH2022;лонг;88,29;10;89,51;stop;0,01;7,61;9283,61;128960,14
01.02.2022;BRH2022;лонг;88,90;10;89,21;закрыл вруную;0,01;7,61;2358,95;131319,09
02.02.2022;BRH2022;лонг;89,30;10;89,80;take;0,01;7,61;3804,76;135123,85
02.02.2022;BRH2022;лонг;89,30;10;90,25;take;0,01;7,61;7229,04;142352,89
02.02.2022;BRH2022;лонг;88,80;10;89,00;закрыл вруную;0,01;7,61;1521,9;143874,79
02.02.2022;BRH2022;лонг;88,80;10;89,00;закрыл вруную;0,01;7,61;1521,9;145396,69
02.02.2022;BRH2022;лонг;88,80;10;89,06;закрыл вруную;0,01;7,61;1978,48;147375,17
02.02.2022;LKH2022;лонг;70860,00;3;69900,00;stop;1;1;-2880;144495,17
02.02.2022;BRH2022;лонг;88,30;10;89,30;закрыл вруную;0,01;7,61;7609,52;152104,69
03.02.2022;RIH2022;шорт;146780,00;1;145780,00;Просто повезло;10;15,3;1530;153634,69
03.02.2022;RIH2022;шорт;143220,00;1;142900,00;закрыл вруную;10;15,3;489,6;154124,29
03.02.2022;RIH2022;шорт;143770,00;1;143220,00;тейк;10;15,3;841,5;154965,79
03.02.2022;RIH2022;шорт;142900,00;1;143220,00;стоп;10;15,3;-489,6;154476,19
03.02.2022;RIH2022;шорт;143000,00;1;143220,00;стоп;10;15,3;-336,6;154139,59
03.02.2022;RIH2022;шорт;142900,00;1;143100,00;стоп;10;15,3;-306;153833,59
03.02.2022;LKH2022;лонг;69289,00;1;71150,00;закрыл вруную;1;1;1861;155694,59
04.02.2022;LKH2022;шорт;70326,00;1;69642,00;закрыл вруную;1;1;684;156378,59
04.02.2022;RIH2022;лонг;143690,00;1;144310,00;закрыл вруную;10;15,3;948,6;157327,19
04.02.2022;RIH2022;лонг;144590,00;1;145300,00;тейк;10;15,3;1086,3;158413,49
04.02.2022;RIH2022;лонг;144590,00;1;145950,00;тейк;10;15,3;2080,8;160494,29
04.02.2022;RIH2022;лонг;144590,00;1;143800,00;закрыл вруную;10;15,3;-1208,7;159285,59
04.02.2022;SIH2022;шорт;77076,00;5;76550,00;закрыл вруную;1;1;2630;161915,59
04.02.2022;SIH2022;шорт;77076,00;5;76550,00;закрыл вруную;1;1;2630;164545,59
04.02.2022;SIH2022;шорт;77076,00;5;76725,00;закрыл вруную;1;1;1755;166300,59
04.02.2022;SIH2022;шорт;77076,00;5;76725,00;закрыл вруную;1;1;1755;168055,59
04.02.2022;SIH2022;шорт;76926,00;5;76400,00;закрыл вруную;1;1;2630;170685,59
04.02.2022;SIH2022;шорт;76926,00;5;76150,00;тейк;1;1;3880;174565,59
04.02.2022;SIH2022;шорт;76926,00;5;76150,00;тейк;1;1;3880;178445,59
04.02.2022;SIH2022;шорт;76926,00;5;76150,00;тейк;1;1;3880;182325,59
04.02.2022;GDH2022;лонг;1811,00;1;1817,00;тейк;1;76,21;457,26;182782,85
04.02.2022;GDH2022;лонг;1811,00;1;1817,00;тейк;1;76,21;457,26;183240,11
04.02.2022;GDH2022;лонг;1811,00;1;1817,00;тейк;1;76,21;457,26;183697,37
04.02.2022;GDH2022;лонг;1807,00;1;1817,00;тейк;1;76,21;762,1;184459,47
07.02.2022;RIH2022;шорт;144470,00;1;144600,00;стоп;10;15,3;-198,9;184260,57
07.02.2022;RIH2022;шорт;144250,00;1;144800,00;закрыл вруную;10;15,3;-841,5;183419,07
07.02.2022;RIH2022;шорт;146300,00;1;146350,00;закрыл вруную;10;15,3;-76,5;183342,57
07.02.2022;BRH2022;лонг;93,26;10;92,00;стоп;0,01;7,55;-9508,8;173833,77
07.02.2022;BRH2022;лонг;93,26;10;92,00;стоп;0,01;7,55;-9508,8;164324,97
07.02.2022;BRH2022;лонг;93,47;10;92,00;стоп;0,01;7,55;-11093,6;153231,37
07.02.2022;BRH2022;лонг;93,47;10;92,00;стоп;0,01;7,55;-11093,6;142137,77
07.02.2022;BRH2022;лонг;92,80;10;92,00;стоп;0,01;7,55;-6037,34;136100,43
07.02.2022;RIH2022;лонг;144590,00;1;145040,00;закрыл вруную;10;15,3;688,5;136788,93
07.02.2022;SIH2022;шорт;76291,00;5;76212,00;закрыл вруную;1;1;395;137183,93
07.02.2022;SIH2022;шорт;76374,00;5;76212,00;закрыл вруную;1;1;810;137993,93
08.02.2022;SIH2022;шорт;76050,00;5;75893,00;закрыл вруную;1;1;785;138778,93
08.02.2022;SIH2022;шорт;76014,00;5;75893,00;закрыл вруную;1;1;605;139383,93
08.02.2022;SIH2022;шорт;75720,00;5;75676,00;закрыл вруную;1;1;220;139603,93
08.02.2022;RIH2022;лонг;147400,00;1;148250,00;закрыл вруную;10;15,3;1300,5;140904,43
08.02.2022;RIH2022;лонг;147400,00;1;148600,00;take;10;15,3;1836;142740,43
08.02.2022;RIH2022;лонг;147400,00;1;149600,00;закрыл вруную;10;15,3;3366;146106,43
08.02.2022;BRH2022;лонг;90,70;1;91,20;take;0,01;7,55;377,33;146483,76
08.02.2022;BRH2022;лонг;90,80;1;91,45;take;0,01;7,55;490,53;146974,29
08.02.2022;BRH2022;лонг;90,90;3;91,45;take;0,01;7,55;1245,2;148219,49
08.02.2022;BRH2022;лонг;90,65;1;91,20;take;0,01;7,55;415,07;148634,56
08.02.2022;BRH2022;лонг;90,69;3;91,20;take;0,01;7,55;1154,64;149789,2
08.02.2022;GDH2022;лонг;1824,50;1;1827,00;закрыл вруную;1;76,21;190,53;149979,73
09.02.2022;RIH2022;шорт;152380,00;1;153200,00;закрыл вруную;10;15,3;-1254,6;148725,13
09.02.2022;RIH2022;лонг;153400,00;1;152460,00;закрыл вруную;10;15,3;-1438,2;147286,93
09.02.2022;RIH2022;лонг;153680,00;1;152460,00;закрыл вруную;10;15,3;-1866,6;145420,33
09.02.2022;RIH2022;лонг;153300,00;1;153550,00;закрыл вруную;10;15,3;382,5;145802,83
11.02.2022;SFH2022;лонг;446,11;10;448,55;закрыл вруную;0,01;0,74;1816,9;147619,73
11.02.2022;SFH2022;лонг;446,11;10;450,00;take;0,01;0,74;2896,61;150516,34
11.02.2022;BRH2022;лонг;91,17;3;92,50;take;0,01;7,55;3011,12;153527,46
11.02.2022;BRH2022;лонг;91,37;3;92,50;take;0,01;7,55;2558,32;156085,78
11.02.2022;BRH2022;лонг;91,50;3;92,50;take;0,01;7,55;2264;158349,78
11.02.2022;GDH2022;лонг;1826,30;1;1840,00;take;1;76,21;1044,08;159393,86
11.02.2022;GDH2022;лонг;1826,30;1;1840,00;take;1;76,21;1044,08;160437,94
11.02.2022;GDH2022;лонг;1826,30;1;1847,00;take;1;76,21;1577,55;162015,49
11.02.2022;BRH2022;шорт;92,45;3;92,73;stop;0,01;7,55;-633,92;161381,57
11.02.2022;SIH2022;шорт;77567,00;1;75900,00;take;1;1;1667;163048,57
11.02.2022;SIH2022;шорт;76850,00;1;75900,00;take;1;1;950;163998,57
11.02.2022;GZH2022;лонг;31870,00;1;32650,00;закрыл вруную;1;1;780;164778,57
11.02.2022;RIH2022;лонг;140480,00;1;145300,00;take;10;15,3;7374,6;172153,17
11.02.2022;RIH2022;лонг;139700,00;1;144350,00;закрыл вруную;10;15,3;7114,5;179267,67
11.02.2022;RIH2022;лонг;140200,00;1;144350,00;закрыл вруную;10;15,3;6349,5;185617,17
11.02.2022;BRH2022;лонг;94,53;3;93,70;stop;0,01;7,55;-1879,12;183738,05
11.02.2022;BRH2022;лонг;94,60;3;93,70;stop;0,01;7,55;-2037,6;181700,45
15.02.2022;SIH2022;шорт;76982,00;3;76004,00;закрыл вруную;1;1;2934;184634,45
15.02.2022;SIH2022;шорт;77083,00;3;75800,00;take;1;1;3849;188483,45
15.02.2022;SIH2022;шорт;77348,00;3;75800,00;take;1;1;4644;193127,45
16.02.2022;BRH2022;шорт;95,40;1;92,77;stop;0,01;7,61;2001,3;195128,75
16.02.2022;BRH2022;шорт;94,77;1;92,09;закрыл в руччную;0,01;7,61;2039,35;197168,1
17.02.2022;BRH2022;шорт;93,61;1;93,01;закрыл в руччную;0,01;7,61;456,57;197624,67
17.02.2022;BRH2022;шорт;94,04;1;93,01;закрыл в руччную;0,01;7,61;783,78;198408,45
17.02.2022;RIH2022;шорт;146650,00;1;147000,00;закрыл в руччную;10;15,06;-527,08;197881,37
17.02.2022;RIH2022;лонг;146300,00;1;146160,00;закрыл в руччную;10;15,06;-210,83;197670,54
17.02.2022;RIH2022;лонг;146060,00;1;146160,00;закрыл в руччную;10;15,06;150,6;197821,14
17.02.2022;RIH2022;лонг;145340,00;1;146250,00;закрыл в руччную;10;15,06;1370,42;199191,56
17.02.2022;BRH2022;лонг;92,62;1;93,18;закрыл в руччную;0,01;7,61;426,13;199617,69
17.02.2022;BRH2022;шорт;93,18;1;92,35;закрыл в руччную;0,01;7,61;631,59;200249,28
17.02.2022;BRH2022;шорт;93,28;1;92,35;закрыл в руччную;0,01;7,61;707,69;200956,97
17.02.2022;BRH2022;лонг;92,35;1;92,50;закрыл в руччную;0,01;7,61;114,14;201071,11
17.02.2022;BRH2022;лонг;92,35;1;92,50;закрыл в руччную;0,01;7,61;114,14;201185,25
18.02.2022;BRH2022;лонг;90,85;1;91,10;stop;0,01;7,61;190,24;201375,49
18.02.2022;BRH2022;лонг;90,84;1;91,10;stop;0,01;7,61;197,85;201573,34
18.02.2022;BRH2022;лонг;91,20;2;91,10;stop;0,01;7,61;-152,19;201421,15
18.02.2022;BRH2022;лонг;91,38;1;91,10;stop;0,01;7,61;-213,07;201208,08
18.02.2022;BRH2022;лонг;91,17;1;91,10;stop;0,01;7,61;-53,27;201154,81
18.02.2022;RIH2022;лонг;144920,00;1;144600,00;stop;10;15,06;-481,9;200672,91
18.02.2022;SFH2022;шорт;438,78;1;438,50;закрыл в руччную;0,01;0,76;21,36;200694,27
18.02.2022;SFH2022;шорт;438,79;1;438,50;закрыл в руччную;0,01;0,76;22,12;200716,39
18.02.2022;SFH2022;шорт;438,55;1;438,50;закрыл в руччную;0,01;0,76;3,81;200720,2
18.02.2022;BRH2022;шорт;92,84;3;92,36;закрыл в руччную;0,01;7,61;1095,77;201815,97
21.02.2022;SIH2022;шорт;77885,00;3;77700,00;stop;1;1;555;202370,97
21.02.2022;SIH2022;шорт;77320,00;3;77600,00;stop;1;1;-840;201530,97
21.02.2022;SIH2022;лонг;80120,00;3;80206,00;stop;1;1;258;201788,97
21.02.2022;RIH2022;лонг;141070,00;1;139170,00;stop;10;15,06;-2861,31;198927,66
21.02.2022;BRH2022;шорт;93,90;3;94,20;stop;0,01;7,61;-684,86;198242,8
21.02.2022;BRH2022;шорт;93,87;3;94,20;stop;0,01;7,61;-753,34;197489,46
21.02.2022;BRH2022;шорт;93,88;3;94,20;stop;0,01;7,61;-730,51;196758,95
21.02.2022;BRH2022;шорт;94,00;6;99,60;stop;0,01;7,61;-25567,99;171190,96
21.02.2022;BRH2022;шорт;96,30;3;99,60;stop;0,01;7,61;-7533,42;163657,54
21.02.2022;BRH2022;шорт;96,20;3;99,60;stop;0,01;7,61;-7761,71;155895,83
21.02.2022;GDH2022;шорт;1894,20;1;1903,50;stop;0,1;7,91;-735,91;155159,92
21.02.2022;RIH2022;шорт;110000,00;1;109800,00;закрыл в руччную;10;15,06;301,19;155461,11
21.02.2022;RIH2022;шорт;111000,00;1;109800,00;закрыл в руччную;10;15,06;1807,14;157268,25
21.02.2022;SIH2022;лонг;80181,00;2;81160,00;take;1;1;1958;159226,25
21.02.2022;SIH2022;лонг;80181,00;3;83577,00;закрыл в руччную;1;1;10188;169414,25
22.02.2022;BRH2022;шорт;97,20;1;96,30;take;0,01;7,61;684,86;170099,11
22.02.2022;BRH2022;шорт;98,17;6;97,20;закрыл в руччную;0,01;7,89;4591,69;174690,8
22.02.2022;SFH2022;лонг;433,60;3;432,20;закрыл в руччную;0,01;0,76;-320,34;174370,46
22.02.2022;BRH2022;шорт;97,82;3;96,30;закрыл в руччную;0,01;7,89;3597,61;177968,07
23.02.2022;GDH2022;шорт;1895,60;3;1914,50;stop;0,1;7,96;-4511,34;173456,73
23.02.2022;GDH2022;шорт;1903,00;2;1914,50;stop;0,1;7,96;-1830;171626,73
23.02.2022;GDH2022;шорт;1895,70;1;1914,50;stop;0,1;7,96;-1495,82;170130,91
23.02.2022;GDH2022;шорт;1892,30;1;1914,50;stop;0,1;7,96;-1766,34;168364,57
24.02.2022;BRH2022;лонг;103,97;1;99,35;stop;0,01;7,89;-3644,95;164719,62
07.04.2022;SIM2022;лонг;79872,00;1;81101,00;hands;1;1;1229;165948,62
08.04.2022;SIM2022;лонг;81071,00;1;81101,00;hands;1;1;30;165978,62
11.04.2022;SIM2022;лонг;81899,00;1;81101,00;hands;1;1;-798;165180,62
11.04.2022;SIM2022;шорт;81097,00;1;83750,00;take;1;1;-2653;162527,62
11.04.2022;SIM2022;шорт;80766,00;1;83750,00;take;1;1;-2984;159543,62
11.04.2022;SIM2022;шорт;80656,00;1;79700,00;take;1;1;956;160499,62
12.04.2022;SIM2022;шорт;81658,00;1;78680,00;take;1;1;2978;163477,62
12.04.2022;BRJ2022;шорт;100,86;1;103,48;Stop;0,01;6,61;-1732,84;161744,78
12.04.2022;BRJ2022;шорт;102,10;1;102,22;Stop;0,01;6,61;-79,37;161665,41
12.04.2022;BRJ2022;шорт;101,24;1;103,25;Stop;0,01;6,61;-1329,4;160336,01
15.04.2022;SIM2022;шорт;81585,00;1;78680,00;take;1;1;2905;163241,01
15.04.2022;SIM2022;шорт;81590,00;1;78160,00;take;1;1;3430;166671,01
20.04.2022;GDJ2022;лонг;1957,00;1;1942,40;Stop;0,1;6,61;-965,63;165705,38
20.04.2022;GDJ2022;лонг;1955,00;1;1942,40;Stop;0,1;6,61;-833,35;164872,03
21.04.2022;GDJ2022;лонг;1947,50;1;1942,40;Stop;0,1;6,61;-337,31;164534,72
25.04.2022;SIM2022;лонг;74790,00;1;74400,00;Stop;1;1;-390;164144,72
28.04.2022;NGJ2022;шорт;6,90;1;6,90;Stop;0;6,61;0;164144,72
07.06.2022;Si-12.21;лонг;73098,00;1;72544,00;stop;1;1;-554;163590,72
07.06.2022;BR 7.22;шорт;122,40;1;122,55;stop;0,01;5,76;-86,39;163504,33
08.06.2022;BR 7.22;шорт;122,50;1;121,60;take;0,01;5,76;518,34;164022,67
09.06.2022;BR 7.22;шорт;123,60;1;123,13;take;0,01;5,76;270,69;164293,36
09.06.2022;BR 7.22;лонг;123,45;1;123,81;take;0,01;5,76;207,33;164500,69
14.06.2022;BR 7.22;шорт;121,30;1;124,60;stop;0,01;5,68;-1872,75;162627,94
15.06.2022;GD 9.22;лонг;1833,00;1;1842,20;take;0,1;5,68;522,1;163150,04
15.06.2022;BR 7.22;лонг;121,27;1;120,90;stop;0,01;5,68;-209,97;162940,07
16.06.2022;BR 7.22;шорт;120,90;1;120,99;stop;0,01;5,68;-51,07;162889
16.06.2022;BR 7.22;шорт;120,75;1;120,18;hans;0,01;5,68;323,47;163212,47
16.06.2022;BR 7.22;лонг;118,55;1;118,08;stop;0,01;5,75;-270,48;162941,99
16.06.2022;BR 7.22;лонг;118,25;1;120,03;take;0,01;5,75;1024,35;163966,34
17.06.2022;BR 7.22;шорт;121,40;1;121,81;stop;0,01;5,75;-235,95;163730,39
17.06.2022;BR 7.22;лонг;119,23;1;118,88;stop;0,01;5,75;-201,42;163528,97
17.06.2022;GD 9.22;лонг;1836,00;1;1836,40;stop;0,1;5,68;22,7;163551,67
17.06.2022;GD 9.22;шорт;1836,40;1;1837,90;hans;0,1;5,68;-85,13;163466,54
20.06.2022;GD 9.22;шорт;1830,30;1;1821,60;hans;0,1;5,68;493,73;163960,27
20.06.2022;GD 9.22;шорт;1829,10;1;1821,60;hans;0,1;5,68;425,63;164385,9
21.06.2022;GD 9.22;лонг;1818,90;1;1822,30;hans;0,1;5,58;189,83;164575,73
21.06.2022;BR 7.22;лонг;116,60;1;115,87;stop;0,01;5,58;-407,57;164168,16
22.06.2022;GD 9.22;шорт;1813,30;2;1815,10;hans;0,1;5,68;-204,3;163963,86
22.06.2022;BR 7.22;лонг;112,62;1;110,50;stop;0,01;5,58;-1183,64;162780,22
22.06.2022;RTSM 9.22;шорт;1257,50;3;1269,00;stop;0,5;5,31;-366,17;162414,05
27.06.2022;RTSM 9.22;шорт;1269,00;3;1269,50;stop;0,5;5,31;-15,92;162398,13
28.06.2022;RTSM 9.22;шорт;1300,00;1;1312,00;stop;0,5;5,31;-127,36;162270,77
28.06.2022;RTSM 9.22;шорт;1303,00;1;1312,00;stop;0,5;5,31;-95,52;162175,25
29.06.2022;RTSM 9.22;шорт;1368,00;1;1330,50;take;0,5;5,31;398,01;162573,26
29.06.2022;GD 9.22;шорт;1843,00;1;1814,20;hans;0,1;5,68;1634,4;164207,66
29.06.2022;SI 9.22;лонг;54210,00;1;57026,00;hans;1;1;2816;167023,66
29.06.2022;RTSM 9.22;шорт;1218,50;1;1220,50;hans;0,5;5,31;-21,23;167002,43
29.06.2022;RTSM 9.22;шорт;1221,00;1;1220,50;hans;0,5;5,31;5,31;167007,74
05.07.2022;SI 9.22;шорт;62500,00;1;63619,00;stop;1;1;-1119;165888,74
05.07.2022;SI 9.22;шорт;62700,00;1;63619,00;stop;1;1;-919;164969,74
05.07.2022;SI 9.22;шорт;62920,00;1;63619,00;stop;1;1;-699;164270,74
06.07.2022;SI 9.22;шорт;65250,00;1;63563,00;hans;1;1;1687;165957,74
06.07.2022;BR 8.22;лонг;104,85;1;103,70;stop;0,01;5,58;-642,07;165315,67
06.07.2022;SI 9.22;лонг;63563,00;1;63635,00;hans;1;1;72;165387,67
06.07.2022;SI 9.22;шорт;63750,00;1;63986,00;hans;1;1;-236;165151,67
06.07.2022;GD 9.22;лонг;1773,00;1;1778,20;stop;0,1;5,68;295,1;165446,77
06.07.2022;SI 9.22;шорт;64320,00;1;63986,00;hans;1;1;334;165780,77
06.07.2022;SI 9.22;шорт;64570,00;1;63986,00;hans;1;1;584;166364,77
06.07.2022;RTSM 9.22;шорт;1120,50;1;1092,00;hans;0,5;6,3;359,28;166724,05
06.07.2022;RTSM 9.22;шорт;1127,00;1;1093,00;hans;0,5;6,3;428,61;167152,66
06.07.2022;RTSM 9.22;шорт;1138,00;1;1093,00;hans;0,5;6,3;567,28;167719,94
11.07.2022;SI 9.22;шорт;63047,00;1;57920,00;hans;1;1;5127;172846,94
11.07.2022;RTSM 9.22;шорт;1112,00;1;1068,00;take;0,5;6,3;554,68;173401,62
12.07.2022;RTSM 9.22;лонг;1120,00;1;1068,00;stop;0,5;6,3;-655,53;172746,09
13.07.2022;RTSM 9.22;лонг;1088,00;1;1068,00;stop;0,5;6,3;-252,13;172493,96
13.07.2022;RTSM 9.22;лонг;1095,00;1;1068,00;stop;0,5;6,3;-340,37;172153,59
13.07.2022;SI 9.22;шорт;60400,00;1;57920,00;take;1;1;2480;174633,59
13.07.2022;SI 9.22;шорт;60676,00;1;57012,00;take;1;1;3664;178297,59
13.07.2022;SI 9.22;шорт;60885,00;1;56100,00;take;1;1;4785;183082,59
18.07.2022;RTSM 9.22;лонг;1144,50;1;1095,50;stop;0,5;6,3;-617,71;182464,88
18.07.2022;RTSM 9.22;лонг;1151,50;1;1095,50;stop;0,5;6,3;-705,95;181758,93
19.07.2022;RTSM 9.22;шорт;1111,50;1;1140,50;stop;0,5;6,3;-365,58;181393,35
20.07.2022;SI 9.22;шорт;56500,00;1;57145,00;hans;1;1;-645;180748,35
20.07.2022;SI 9.22;шорт;56700,00;1;57145,00;hans;1;1;-445;180303,35
20.07.2022;SI 9.22;шорт;56735,00;1;57145,00;hans;1;1;-410;179893,35
20.07.2022;SI 9.22;шорт;56734,00;3;57145,00;hans;1;1;-1233;178660,35
21.07.2022;SI 9.22;шорт;57040,00;4;58307,00;hans;1;1;-5068;173592,35
21.07.2022;RTSM 9.22;лонг;1095,00;2;1118,50;hans;0,5;6,3;592,5;174184,85
21.07.2022;RTSM 9.22;лонг;1085,00;2;1118,50;hans;0,5;6,3;844,62;175029,47
21.07.2022;SI 9.22;шорт;59520,00;1;58540,00;hans;1;1;980;176009,47
26.07.2022;SI 9.22;шорт;60590,00;2;61207,00;stop;1;1;-1234;174775,47
26.07.2022;SI 9.22;шорт;60476,00;2;61207,00;stop;1;1;-1462;173313,47
26.07.2022;SI 9.22;шорт;60731,00;2;61207,00;stop;1;1;-952;172361,47
27.07.2022;RTSM 9.22;лонг;1098,50;3;1120,00;take;0,5;6,3;813,11;173174,58
27.07.2022;RTSM 9.22;лонг;1098,50;2;1098,50;stop;0,5;6,3;0;173174,58
27.07.2022;SI 9.22;лонг;61783,00;1;61974,00;hans;1;1;191;173365,58
27.07.2022;SI 9.22;лонг;62052,00;1;61974,00;hans;1;1;-78;173287,58
28.07.2022;RTSM 9.22;лонг;1090,00;2;1079,50;stop;0,5;6,3;-264,73;173022,85
28.07.2022;BR 9.22;лонг;103,80;1;101,60;stop;0,01;6,03;-1327,48;171695,37
29.07.2022;SI 9.22;лонг;62994,00;1;62446,00;stop;1;1;-548;171147,37
29.07.2022;SI 9.22;шорт;63009,00;1;63323,00;stop;1;1;-314;170833,37
29.07.2022;RTSM 9.22;лонг;1074,00;1;1057,00;stop;0,5;6,3;-214,31;170619,06
29.07.2022;RTSM 9.22;лонг;1069,00;1;1057,00;stop;0,5;6,3;-151,28;170467,78
29.07.2022;SI 9.22;шорт;63684,00;1;64032,00;stop;1;1;-348;170119,78
01.08.2022;GD 9.22;шорт;1768,50;1;1779,80;stop;0,1;6,3;-712,26;169407,52
01.08.2022;SI 9.22;лонг;62250,00;2;61981,00;stop;1;1;-538;168869,52
01.08.2022;SI 9.22;лонг;62230,00;1;61981,00;stop;1;1;-249;168620,52
01.08.2022;SI 9.22;лонг;62230,00;1;61979,00;stop;1;1;-251;168369,52
01.08.2022;SI 9.22;лонг;61270,00;1;60762,00;stop;1;1;-508;167861,52
02.08.2022;SI 9.22;лонг;61270,00;1;60480,00;stop;1;1;-790;167071,52
02.08.2022;GD 9.22;лонг;1779,80;1;1772,50;hans;0,1;6,3;-460,13;166611,39
03.08.2022;BR 9.22;лонг;100,40;1;99,74;stop;0,01;6,03;-398,24;166213,15
04.08.2022;GD 9.22;шорт;1766,40;1;1777,00;stop;0,1;6,3;-668,13;165545,02
04.08.2022;GD 9.22;шорт;1769,70;2;1777,00;stop;0,1;6,3;-920,26;164624,76
04.08.2022;BR 9.22;лонг;97,32;1;96,31;stop;0,01;6,03;-609,43;164015,33
04.08.2022;GD 9.22;шорт;1775,00;2;1792,50;stop;0,1;6,3;-2206,11;161809,22
08.08.2022;SI 9.22;лонг;61579,00;1;62532,00;hans;1;1;953;162762,22
09.08.2022;SI 9.22;лонг;61570,00;1;62600,00;hans;1;1;1030;163792,22
12.08.2022;SI 9.22;лонг;61340,00;1;60480,00;stop;1;1;-860;162932,22
12.08.2022;GD 9.22;шорт;1793,00;1;1772,10;hans;0,1;6,3;1317,36;164249,58
17.08.2022;SI 9.22;лонг;61100,00;1;60480,00;stop;1;1;-620;163629,58
17.08.2022;RTSM 9.22;шорт;1098,00;1;1113,00;stop;0,5;6,3;-189,09;163440,49
17.08.2022;GD 9.22;лонг;1751,00;1;1740,70;stop;0,1;6,3;-649,23;162791,26
18.08.2022;SI 9.22;лонг;61486,00;1;60280,00;stop;1;1;-1206;161585,26
18.08.2022;SI 9.22;лонг;61149,00;1;59687,00;stop;1;1;-1462;160123,26
22.08.2022;GD 9.22;лонг;1739,10;1;1734,50;stop;0,1;6,3;-289,95;159833,31
25.08.2022;SI 9.22;лонг;60720,00;1;59800,00;stop;1;1;-920;158913,31
31.08.2022;GAZP;шорт;25778,00;1;24194,00;take;1;1;1584;160497,31
31.08.2022;GAZP;шорт;25785,00;1;24194,00;take;1;1;1591;162088,31
31.08.2022;RTSM 9.22;шорт;1205,00;1;1242,50;stop;0,5;6,3;-472,74;161615,57
06.09.2022;GD 9.22;лонг;1675,00;1;1713,50;take;0,1;6,3;2426,72;164042,29
08.09.2022;GD 9.22;шорт;1709,60;1;1714,50;stop;0,1;6,3;-308,85;163733,44
08.09.2022;GD 9.22;шорт;1715,00;1;1720,00;stop;0,1;6,3;-315,16;163418,28
13.09.2022;Spyf 12.22;шорт;403,95;1;413,59;stop;0,01;0,6;-578,5;162839,78
13.09.2022;Spyf 12.22;шорт;405,00;1;396,55;stop;0,01;0,6;507,08;163346,86
15.09.2022;si-12.22;лонг;61370,00;1;61209,00;hands;1;1;-161;163185,86
15.09.2022;si-12.22;шорт;61200,00;1;61185,00;hands;1;1;15;163200,86
15.09.2022;RTSM 12.22;шорт;1172,00;1;1146,00;hands;0,5;5,99;311,26;163512,12
15.09.2022;RTSM 12.22;шорт;1176,00;1;1171,00;take;0,5;5,99;59,86;163571,98
15.09.2022;GD 12.22;лонг;1672,60;1;1671,60;hands;0,1;5,99;-59,86;163512,12
15.09.2022;GD 12.22;лонг;1661,00;1;1653,20;stop;0,1;5,99;-466,89;163045,23
19.09.2022;GD 12.22;лонг;1657,00;1;1649,20;stop;0,1;5,99;-466,89;162578,34
28.09.2022;GD 12.22;шорт;1625,00;1;1637,00;stop;0,1;5,99;-718,29;161860,05
28.09.2022;GD 12.22;шорт;1628,00;1;1637,00;stop;0,1;5,99;-538,71;161321,34
30.09.2022;RTSM 12.22;шорт;971,50;1;1037,00;stop;0,5;5,84;-765,14;160556,2
30.09.2022;RTSM 12.22;шорт;989,50;1;1037,00;stop;0,5;5,84;-554,87;160001,33
30.09.2022;Spyf 12.22;шорт;383,26;1;379,44;take;0,01;0,6;229,24;160230,57
30.09.2022;GAZP;лонг;18195,00;1;17450,00;hands;1;1;-745;159485,57
30.09.2022;GAZP;лонг;18200,00;1;17450,00;hands;1;1;-750;158735,57
30.09.2022;GAZP;лонг;17950,00;1;17450,00;hands;1;1;-500;158235,57
03.10.2022;GD 12.22;лонг;1678,70;1;1673,80;hands;0,1;5,84;-286,2;157949,37
03.10.2022;RTSM 12.22;лонг;1004,00;1;1042,00;hands;0,5;5,84;443,9;158393,27
03.10.2022;RTSM 12.22;лонг;993,00;1;1042,00;hands;0,5;5,84;572,39;158965,66
03.10.2022;GD 12.22;шорт;1677,20;1;1685,90;stop;0,1;5,84;-508,14;158457,52
03.10.2022;GD 12.22;шорт;1680,50;1;1685,90;stop;0,1;5,84;-315,4;158142,12
04.10.2022;RTSM 12.22;шорт;1042,00;1;994,50;take;0,5;5,84;554,87;158696,99
04.10.2022;RTSM 12.22;шорт;1042,00;1;994,50;take;0,5;5,84;554,87;159251,86
04.10.2022;GD 12.22;шорт;1715,40;1;1715,20;hands;0,1;5,84;11,68;159263,54
04.10.2022;GD 12.22;шорт;1718,40;1;1715,20;hands;0,1;5,84;186,9;159450,44
04.10.2022;BR 11.22;шорт;95,97;1;96,38;stop;0,01;6,1;-250,06;159200,38
10.10.2022;RTSM 12.22;шорт;976,00;1;1036,00;stop;0,5;6,17;-740,28;158460,1
10.10.2022;RTSM 12.22;шорт;978,00;1;1036,00;stop;0,5;6,17;-715,6;157744,5
11.10.2022;RTSM 12.22;шорт;1000,00;1;1036,00;stop;0,5;6,17;-444,17;157300,33
12.10.2022;RTSM 12.22;шорт;1000,00;1;1036,00;stop;0,5;6,17;-444,17;156856,16
25.10.2022;Spyf 12.22;шорт;381,23;1;384,36;stop;0,01;0,6;-187,83;156668,33
25.10.2022;Spyf 12.22;шорт;382,00;1;384,36;stop;0,01;0,6;-141,62;156526,71
26.10.2022;RTSM 12.22;шорт;1068,50;1;1084,00;hands;0,5;6,17;-191,24;156335,47
02.11.2022;RTSM 12.22;шорт;1098,50;1;1084,00;hands;0,5;6,17;178,9;156514,37
02.11.2022;RTSM 12.22;шорт;1105,00;1;1084,00;hands;0,5;6,17;259,1;156773,47
02.11.2022;RTSM 12.22;шорт;1108,00;1;1084,00;hands;0,5;6,17;296,11;157069,58
03.11.2022;RTSM 12.22;шорт;1081,00;1;1126,00;stop;0,5;6,17;-555,21;156514,37
03.11.2022;RTSM 12.22;шорт;1081,50;1;1126,00;stop;0,5;6,17;-549,04;155965,33
07.11.2022;RTSM 12.22;шорт;1109,00;2;1126,00;stop;0,5;6,17;-419,49;155545,84
07.11.2022;GD 12.22;шорт;1676,50;1;1681,70;stop;0,1;6,17;-320,79;155225,05
07.11.2022;GD 12.22;шорт;1677,30;1;1681,70;stop;0,1;6,17;-271,44;154953,61
15.11.2022;Spyf 12.22;шорт;397,63;1;401,12;stop;0,01;0,6;-209,43;154744,18
15.11.2022;Spyf 12.22;шорт;398,50;1;401,12;stop;0,01;0,6;-157,23;154586,95
15.11.2022;Spyf 12.22;шорт;399,00;1;401,12;stop;0,01;0,6;-127,22;154459,73
15.11.2022;Spyf 12.22;лонг;401,83;1;393,20;stop;0,01;0,6;-517,89;153941,84
16.11.2022;Spyf 12.22;лонг;398,26;1;393,20;stop;0,01;0,6;-303,65;153638,19
16.11.2022;GD 12.22;шорт;1770,40;1;1743,20;take;0,1;6,17;1677,97;155316,16
16.11.2022;GD 12.22;шорт;1770,50;1;1734,90;take;0,1;6,17;2196,16;157512,32
24.11.2022;GD 12.22;шорт;1751,30;1;1741,50;hands;0,1;6,17;604,56;158116,88
24.11.2022;GD 12.22;шорт;1752,00;1;1748,00;hands;0,1;6,17;246,76;158363,64
28.11.2022;Spyf 12.22;шорт;397,70;1;402,00;stop;0,01;0,6;-258,04;158105,6
29.11.2022;Spyf 12.22;шорт;396,85;1;400,20;stop;0,01;0,6;-201,03;157904,57
29.11.2022;GD 12.22;шорт;1743,00;1;1751,80;stop;0,1;6,17;-542,87;157361,7
01.12.2022;GD 12.22;шорт;1783,80;1;1774,80;hands;0,1;6,182;556,38;157918,08
06.12.2022;SPYF 03.23;лонг;399,30;1;397,30;stop;0,01;0,62425;-124,85;157793,23
06.12.2022;GD 3.23;лонг;1752,50;1;1752,10;stop;0,1;6,182;-24,73;157768,5
06.12.2022;GD 3.23;лонг;1753,90;1;1752,10;stop;0,1;6,182;-111,28;157657,22
07.12.2022;SPYF 03.23;лонг;395,00;1;393,80;stop;0,01;0,62425;-74,91;157582,31
07.12.2022;SPYF 03.23;лонг;394,70;1;393,80;stop;0,01;0,62425;-56,18;157526,13
09.12.2022;GD 3.23;шорт;1774,00;1;1782,00;stop;0,1;6,182;-494,56;157031,57
13.12.2022;SPYF 03.23;шорт;399,20;1;404,50;stop;0,01;0,62425;-330,85;156700,72